City_ID,City,Lat,Lng,Max Temp,Humidity,Cloudiness,Wind Speed,Country,Date
0,Novo Aripuana,-5.12,-60.38,86.0,61,96,2.19,BR,2020-06-20 20:39:52
1,Ribeira Grande,38.52,-28.7,68.0,88,40,13.87,PT,2020-06-20 20:39:52
2,Punta Arenas,-53.15,-70.92,39.2,80,75,5.82,CL,2020-06-20 20:35:25
3,Ayan,56.45,138.17,42.06,98,100,6.55,RU,2020-06-20 20:39:53
4,Sumter,28.71,-82.08,93.99,61,43,3.0,US,2020-06-20 20:39:53
5,Ushuaia,-54.8,-68.3,37.4,89,75,7.4,AR,2020-06-20 20:39:53
6,Beringovskiy,63.05,179.32,45.37,62,14,5.03,RU,2020-06-20 20:39:53
7,Ilulissat,69.22,-51.1,46.4,45,5,4.7,GL,2020-06-20 20:39:53
8,Busselton,-33.65,115.33,41.0,70,0,6.13,AU,2020-06-20 20:39:54
9,Kawalu,-7.38,108.21,71.74,91,74,0.25,ID,2020-06-20 20:39:54
10,Cape Town,-33.93,18.42,60.01,93,20,6.93,ZA,2020-06-20 20:35:53
11,Isangel,-19.55,169.27,72.39,77,43,14.45,VU,2020-06-20 20:36:36
12,Qui Nhon,13.77,109.23,79.43,81,27,3.36,VN,2020-06-20 20:39:54
13,Mondragone,41.11,13.89,70.0,88,0,1.12,IT,2020-06-20 20:39:55
14,Saskylakh,71.92,114.08,73.47,47,100,1.45,RU,2020-06-20 20:35:23
15,Marawi,8.0,124.29,77.0,92,89,4.0,PH,2020-06-20 20:39:55
16,Qaanaaq,77.48,-69.36,40.3,70,99,7.96,GL,2020-06-20 20:35:37
17,Rikitea,-23.12,-134.97,76.14,81,67,15.52,PF,2020-06-20 20:39:55
18,San Vicente,-26.62,-54.13,69.44,75,0,3.74,AR,2020-06-20 20:39:55
19,Hobart,-42.88,147.33,46.4,93,75,3.36,AU,2020-06-20 20:36:06
20,Avarua,-21.21,-159.78,73.4,69,100,11.41,CK,2020-06-20 20:39:56
21,Urumqi,43.8,87.6,59.0,82,75,6.71,CN,2020-06-20 20:39:56
22,Severo-Kurilsk,50.68,156.12,42.78,91,100,17.13,RU,2020-06-20 20:39:56
23,Tefe,-3.35,-64.71,82.4,78,40,6.93,BR,2020-06-20 20:39:57
24,Ondjiva,-17.07,15.73,55.45,41,2,4.88,AO,2020-06-20 20:39:57
25,Bandarbeyla,9.49,50.81,79.97,73,100,28.99,SO,2020-06-20 20:39:57
26,Port Elizabeth,-33.92,25.57,59.0,93,68,5.82,ZA,2020-06-20 20:35:22
27,Gizo,-8.1,156.84,83.16,76,71,9.51,SB,2020-06-20 20:36:57
28,Airai,-8.93,125.41,54.63,100,6,3.6,TL,2020-06-20 20:39:58
29,Bambous Virieux,-20.34,57.76,72.0,73,40,16.11,MU,2020-06-20 20:35:54
30,Hualmay,-11.1,-77.61,66.13,73,12,7.92,PE,2020-06-20 20:39:58
31,Kathmandu,27.72,85.32,69.8,100,75,3.36,NP,2020-06-20 20:39:52
32,Butaritari,3.07,172.79,83.05,77,97,10.33,KI,2020-06-20 20:39:59
33,Castro,-24.79,-50.01,61.29,82,0,4.52,BR,2020-06-20 20:35:34
34,Hilo,19.73,-155.09,82.4,54,20,5.82,US,2020-06-20 20:35:38
35,Bluff,-46.6,168.33,39.0,83,19,3.0,NZ,2020-06-20 20:35:19
36,Keti Bandar,24.14,67.45,86.09,79,16,12.17,PK,2020-06-20 20:39:59
37,Luderitz,-26.65,15.16,60.8,67,0,6.93,NA,2020-06-20 20:39:59
38,Buraydah,26.33,43.98,89.6,25,0,11.41,SA,2020-06-20 20:40:00
39,Bredasdorp,-34.53,20.04,59.0,87,28,5.35,ZA,2020-06-20 20:40:00
40,Barrow,71.29,-156.79,33.8,80,90,8.05,US,2020-06-20 20:38:17
41,Sao Filipe,14.9,-24.5,74.57,81,16,6.71,CV,2020-06-20 20:40:00
42,Anamur,36.08,32.84,77.85,50,0,8.48,TR,2020-06-20 20:35:07
43,Broken Hill,-31.95,141.43,46.4,70,9,18.34,AU,2020-06-20 20:40:01
44,Port Alfred,-33.59,26.89,66.0,45,20,5.99,ZA,2020-06-20 20:40:01
45,Aberdeen,57.14,-2.1,61.0,82,5,12.75,GB,2020-06-20 20:37:34
46,Mayumba,-3.43,10.66,74.14,88,59,6.38,GA,2020-06-20 20:40:01
47,Lavrentiya,65.58,-171.0,53.19,46,49,15.52,RU,2020-06-20 20:40:01
48,Goderich,43.75,-81.72,82.99,55,100,5.32,CA,2020-06-20 20:39:50
49,Vestmannaeyjar,63.44,-20.27,51.49,87,96,24.54,IS,2020-06-20 20:40:02
50,Mehamn,71.04,27.85,45.3,76,0,0.51,NO,2020-06-20 20:40:02
51,Samarai,-10.62,150.67,79.02,86,19,12.64,PG,2020-06-20 20:40:02
52,Jamestown,42.1,-79.24,80.01,57,20,6.93,US,2020-06-20 20:40:02
53,Kirakira,-10.45,161.92,80.19,80,100,9.28,SB,2020-06-20 20:40:03
54,Longyearbyen,78.22,15.64,39.2,86,75,18.34,SJ,2020-06-20 20:35:51
55,Hermanus,-34.42,19.23,55.0,94,65,10.6,ZA,2020-06-20 20:35:19
56,College,64.86,-147.8,70.0,52,75,5.82,US,2020-06-20 20:40:03
57,Half Moon Bay,37.46,-122.43,73.0,60,40,6.93,US,2020-06-20 20:39:11
58,Saint-Philippe,-21.36,55.77,68.0,77,74,9.17,RE,2020-06-20 20:40:04
59,Pevek,69.7,170.31,43.93,69,78,6.49,RU,2020-06-20 20:40:04
60,Albany,42.6,-73.97,88.0,43,78,4.83,US,2020-06-20 20:40:04
61,Bayir,37.27,28.22,73.4,60,26,3.36,TR,2020-06-20 20:36:56
62,Saint George,37.1,-113.58,98.01,8,1,6.93,US,2020-06-20 20:40:04
63,Ulaangom,49.98,92.07,58.14,57,30,3.29,MN,2020-06-20 20:40:05
64,Kalemie,-5.95,29.19,71.01,64,32,2.44,CD,2020-06-20 20:40:05
65,Thompson,55.74,-97.86,48.2,100,90,9.17,CA,2020-06-20 20:40:05
66,Grand-Santi,4.25,-54.38,77.99,95,100,2.86,GF,2020-06-20 20:40:05
67,Luau,-10.71,22.22,58.8,41,0,4.16,AO,2020-06-20 20:40:05
68,Boulder City,35.98,-114.83,100.99,7,1,8.05,US,2020-06-20 20:39:08
69,Provideniya,64.38,-173.3,57.79,42,0,5.01,RU,2020-06-20 20:40:06
70,Puerto Ayora,-0.74,-90.35,77.0,69,20,25.28,EC,2020-06-20 20:38:03
71,Piat,17.79,121.48,75.49,88,1,2.26,PH,2020-06-20 20:40:06
72,Vaini,-21.2,-175.2,77.0,78,75,18.34,TO,2020-06-20 20:35:34
73,Khatanga,71.97,102.5,55.78,60,74,16.64,RU,2020-06-20 20:40:07
74,Saint-Pierre,-21.34,55.48,68.0,77,40,9.17,RE,2020-06-20 20:40:07
75,Codrington,-38.27,141.97,43.74,91,85,4.23,AU,2020-06-20 20:36:12
76,Mae Sai,20.43,99.88,78.8,94,40,4.7,TH,2020-06-20 20:40:07
77,Padang,-0.95,100.35,77.32,76,98,4.61,ID,2020-06-20 20:35:26
78,Hervey Bay,-25.3,152.85,60.01,93,55,4.0,AU,2020-06-20 20:40:08
79,Narsaq,60.92,-46.05,55.4,35,75,5.82,GL,2020-06-20 20:40:08
80,Labuhan,-6.88,112.21,76.48,86,53,8.86,ID,2020-06-20 20:35:57
81,New Norfolk,-42.78,147.06,44.01,92,100,1.43,AU,2020-06-20 20:35:21
82,Puerto Carreno,6.19,-67.49,83.82,71,64,3.02,CO,2020-06-20 20:40:09
83,San Patricio,19.22,-104.7,87.8,74,40,11.41,MX,2020-06-20 20:38:49
84,Louth,53.37,0.0,64.4,77,22,5.82,GB,2020-06-20 20:40:09
85,Turukhansk,65.82,87.98,45.14,81,93,11.7,RU,2020-06-20 20:40:09
86,Kapaa,22.08,-159.32,78.8,83,90,10.29,US,2020-06-20 20:35:31
87,Cacador,-26.78,-51.02,63.68,82,6,2.8,BR,2020-06-20 20:40:10
88,Poli,-3.33,36.8,55.29,93,86,3.58,TZ,2020-06-20 20:40:10
89,Tambo,-14.8,-73.92,49.14,50,59,9.84,PE,2020-06-20 20:40:10
90,Pomabamba,-8.83,-77.47,62.62,36,8,6.51,PE,2020-06-20 20:40:10
91,Vila Franca Do Campo,37.72,-25.43,68.0,77,20,11.41,PT,2020-06-20 20:40:11
92,Bilibino,68.05,166.44,77.04,31,90,4.9,RU,2020-06-20 20:40:11
93,Dingle,11.0,122.67,77.63,78,35,4.59,PH,2020-06-20 20:40:11
94,Moerai,-22.43,-151.33,70.48,70,30,18.88,PF,2020-06-20 20:40:11
95,La Ronge,55.1,-105.28,53.6,62,75,5.82,CA,2020-06-20 20:35:58
96,East London,-33.02,27.91,69.35,30,0,8.86,ZA,2020-06-20 20:35:57
97,Dwarka,22.24,68.97,86.0,76,64,17.9,IN,2020-06-20 20:36:49
98,Krasnoselkup,65.7,82.47,44.22,87,100,13.8,RU,2020-06-20 20:40:12
99,Coffs Harbour,-30.3,153.13,57.2,82,3,10.29,AU,2020-06-20 20:38:41
100,Pisco,-13.7,-76.22,66.99,72,35,9.17,PE,2020-06-20 20:40:12
101,Remontnoye,46.56,43.65,84.2,20,25,20.13,RU,2020-06-20 20:40:13
102,Mount Gambier,-37.83,140.77,44.6,100,75,2.19,AU,2020-06-20 20:35:40
103,Cayenne,4.93,-52.33,84.2,70,67,3.36,GF,2020-06-20 20:35:21
104,Sitka,57.05,-135.33,51.8,87,90,13.87,US,2020-06-20 20:40:13
105,Port-Gentil,-0.72,8.78,76.03,86,100,13.65,GA,2020-06-20 20:40:13
106,Arraial Do Cabo,-22.97,-42.03,78.8,83,0,6.93,BR,2020-06-20 20:40:14
107,Chifeng,42.27,118.96,69.51,65,45,4.43,CN,2020-06-20 20:38:48
108,Victoria,22.29,114.16,84.0,74,60,8.99,HK,2020-06-20 20:35:29
109,Bethel,41.37,-73.41,84.99,51,1,11.41,US,2020-06-20 20:40:14
110,Camacha,33.08,-16.33,69.8,77,40,12.75,PT,2020-06-20 20:35:39
111,Plover,44.46,-89.54,69.01,100,90,8.05,US,2020-06-20 20:40:15
112,Saint-Georges,12.06,-61.75,86.0,79,40,16.11,GD,2020-06-20 20:35:38
113,Aklavik,68.22,-135.01,48.2,93,90,9.17,CA,2020-06-20 20:40:15
114,Svetlogorsk,52.63,29.73,65.43,91,92,6.02,BY,2020-06-20 20:40:15
115,Bandar,2.05,99.75,73.45,85,97,1.95,ID,2020-06-20 20:35:53
116,Atuona,-9.8,-139.03,79.74,76,4,16.26,PF,2020-06-20 20:35:48
117,Broome,42.25,-75.83,82.99,51,20,4.7,US,2020-06-20 20:40:16
118,Muros,42.78,-9.06,66.0,78,100,8.99,ES,2020-06-20 20:40:15
119,Winslow,35.02,-110.7,91.4,9,1,5.82,US,2020-06-20 20:40:16
120,Klaksvik,62.23,-6.59,51.8,93,47,9.17,FO,2020-06-20 20:35:39
121,Ginir,7.13,40.7,59.22,93,25,6.26,ET,2020-06-20 20:40:17
122,Dicabisagan,17.08,122.42,79.3,79,8,5.35,PH,2020-06-20 20:40:17
123,Mataura,-46.19,168.86,39.0,83,38,3.0,NZ,2020-06-20 20:35:20
124,Sanming,26.25,117.62,76.68,74,100,2.46,CN,2020-06-20 20:40:17
125,Sarangani,5.4,125.46,83.43,76,81,12.84,PH,2020-06-20 20:40:17
126,Charlottesville,38.03,-78.48,84.2,54,75,3.36,US,2020-06-20 20:36:28
127,Carnarvon,-24.87,113.63,57.2,100,0,10.22,AU,2020-06-20 20:40:18
128,Ponta Do Sol,32.67,-17.1,71.6,68,40,13.87,PT,2020-06-20 20:35:26
129,Bengkulu,-3.8,102.27,75.38,89,100,4.41,ID,2020-06-20 20:40:18
130,Mangrol,21.12,70.12,84.92,78,97,16.08,IN,2020-06-20 20:40:18
131,Parrita,9.52,-84.32,75.2,69,75,5.82,CR,2020-06-20 20:40:18
132,Kodiak,57.79,-152.41,51.8,87,90,10.29,US,2020-06-20 20:36:07
133,San Miguel,13.48,-88.18,96.8,50,20,3.36,SV,2020-06-20 20:37:43
134,Kargil,34.57,76.1,49.78,49,59,5.57,IN,2020-06-20 20:40:19
135,Georgetown,5.41,100.34,82.4,88,20,5.03,MY,2020-06-20 20:40:19
136,Hays,30.05,-98.03,93.99,51,96,11.01,US,2020-06-20 20:39:09
137,Vardo,70.37,31.11,43.03,85,1,3.33,NO,2020-06-20 20:40:19
138,Omsukchan,62.53,155.8,65.21,41,0,4.97,RU,2020-06-20 20:40:20
139,Shingu,33.73,135.98,67.24,90,99,4.23,JP,2020-06-20 20:40:20
140,Ancud,-41.87,-73.82,48.99,87,20,3.36,CL,2020-06-20 20:36:53
141,Rio Grande,-32.03,-52.1,62.6,100,90,4.7,BR,2020-06-20 20:40:20
142,Tuktoyaktuk,69.45,-133.04,35.01,95,100,9.6,CA,2020-06-20 20:40:20
143,Presidencia Roque Saenz Pena,-26.79,-60.44,86.0,52,81,1.99,AR,2020-06-20 20:40:21
144,Port Lincoln,-34.73,135.87,55.02,74,25,20.4,AU,2020-06-20 20:35:30
145,Kurilsk,45.23,147.88,47.53,93,100,6.31,RU,2020-06-20 20:40:21
146,North Bend,43.41,-124.22,62.6,93,90,4.7,US,2020-06-20 20:35:57
147,Vila Velha,-20.33,-40.29,77.0,78,0,12.75,BR,2020-06-20 20:40:21
148,Margate,51.38,1.39,61.0,78,11,1.99,GB,2020-06-20 20:40:22
149,Waipawa,-41.41,175.52,54.0,96,100,11.52,NZ,2020-06-20 20:40:22
150,Coari,-4.08,-63.14,85.89,65,66,3.0,BR,2020-06-20 20:40:22
151,Zhanaozen,43.3,52.8,79.0,21,56,22.62,KZ,2020-06-20 20:40:22
152,Ilave,-16.08,-69.67,54.86,33,0,9.08,PE,2020-06-20 20:40:22
153,Bentiu,9.23,29.83,74.17,78,98,6.24,SS,2020-06-20 20:40:23
154,Pauini,-7.71,-66.98,86.9,64,18,1.72,BR,2020-06-20 20:40:23
155,Kaitangata,-46.28,169.85,43.0,86,54,1.99,NZ,2020-06-20 20:40:23
156,Mar Del Plata,-38.0,-57.56,54.0,76,100,5.82,AR,2020-06-20 20:40:23
157,Dikson,73.51,80.55,35.92,84,99,22.75,RU,2020-06-20 20:40:23
158,Kehychivka,49.29,35.76,66.7,88,100,13.47,UA,2020-06-20 20:40:23
159,Lebu,-37.62,-73.65,52.84,85,50,13.35,CL,2020-06-20 20:40:24
160,Kavieng,-2.57,150.8,82.67,73,22,1.83,PG,2020-06-20 20:40:24
161,Juazeiro Do Norte,-7.21,-39.32,82.4,54,40,8.05,BR,2020-06-20 20:40:24
162,Mahebourg,-20.41,57.7,71.6,73,40,16.11,MU,2020-06-20 20:40:24
163,Vao,-22.67,167.48,67.68,60,30,12.08,NC,2020-06-20 20:36:49
164,Pangnirtung,66.15,-65.71,47.91,53,2,3.71,CA,2020-06-20 20:40:25
165,Vyazemskiy,47.54,134.75,55.9,88,100,7.76,RU,2020-06-20 20:40:25
166,Strezhevoy,60.73,77.59,50.0,87,90,13.42,RU,2020-06-20 20:40:25
167,Tingi,-11.3,35.03,53.82,86,9,0.38,TZ,2020-06-20 20:40:25
168,Zhoucheng,35.91,116.31,69.73,77,0,5.57,CN,2020-06-20 20:40:25
169,Omis,43.44,16.69,68.0,56,4,8.05,HR,2020-06-20 20:40:26
170,Hambantota,6.12,81.12,81.82,79,100,18.34,LK,2020-06-20 20:35:59
171,Tasiilaq,65.61,-37.64,44.6,70,100,31.09,GL,2020-06-20 20:40:26
172,Nikolskoye,59.7,30.79,60.8,63,0,6.71,RU,2020-06-20 20:35:32
173,Livingstonia,-10.61,34.11,56.7,80,19,3.71,MW,2020-06-20 20:40:27
174,Chokurdakh,70.63,147.92,83.89,23,0,10.38,RU,2020-06-20 20:35:28
175,Ardino,41.58,25.13,71.01,77,77,5.82,BG,2020-06-20 20:40:27
176,Torbay,47.67,-52.73,44.01,87,75,12.75,CA,2020-06-20 20:40:27
177,Curvelo,-18.76,-44.43,71.58,53,39,7.36,BR,2020-06-20 20:40:27
178,Nur,52.67,22.32,66.0,91,100,3.0,PL,2020-06-20 20:40:28
179,Blythe,33.61,-114.6,105.01,13,1,6.93,US,2020-06-20 20:37:52
180,Bubaque,11.28,-15.83,82.08,79,83,10.27,GW,2020-06-20 20:40:13
181,Alyangula,-13.85,136.42,64.4,93,0,3.36,AU,2020-06-20 20:40:28
182,Katsuura,35.13,140.3,71.01,91,80,5.32,JP,2020-06-20 20:40:29
183,Mana,5.66,-53.78,79.59,87,99,9.06,GF,2020-06-20 20:40:29
184,Brumadinho,-20.14,-44.2,75.2,60,20,5.82,BR,2020-06-20 20:40:29
185,Cherskiy,68.75,161.3,80.28,27,100,10.22,RU,2020-06-20 20:40:29
186,Biak,-0.91,122.88,76.91,83,100,7.23,ID,2020-06-20 20:35:42
187,Chegutu,-18.13,30.14,52.11,72,67,4.09,ZW,2020-06-20 20:40:30
188,Shelburne,44.08,-80.2,87.8,38,40,5.82,CA,2020-06-20 20:40:30
189,Sturgeon Falls,46.36,-79.93,84.99,39,90,10.29,CA,2020-06-20 20:40:30
190,Talnakh,69.49,88.4,48.2,76,100,13.42,RU,2020-06-20 20:40:31
191,Tuatapere,-46.13,167.68,39.0,83,50,3.0,NZ,2020-06-20 20:40:31
192,Erzin,36.96,36.2,75.0,88,3,2.3,TR,2020-06-20 20:40:31
193,Rawson,-43.3,-65.1,56.35,49,66,31.85,AR,2020-06-20 20:40:31
194,Ulkan,57.24,107.32,55.2,80,2,2.06,RU,2020-06-20 20:40:31
195,Pangai,-19.8,-174.35,77.36,79,99,16.17,TO,2020-06-20 20:40:32
196,Shimoda,34.67,138.95,66.99,86,0,3.33,JP,2020-06-20 20:38:26
197,Yellowknife,62.46,-114.35,73.4,31,20,17.22,CA,2020-06-20 20:40:32
198,Tabuk,17.42,121.44,74.14,87,0,2.15,PH,2020-06-20 20:40:32
199,Upernavik,72.79,-56.15,41.18,73,0,7.52,GL,2020-06-20 20:35:45
200,Kibala,9.11,18.35,77.7,78,87,2.95,TD,2020-06-20 20:40:33
201,Kushmurun,52.45,64.63,61.79,43,0,13.65,KZ,2020-06-20 20:40:33
202,Sovetskiy,61.36,63.58,41.38,82,24,7.29,RU,2020-06-20 20:35:53
203,Pinawa,50.15,-95.88,63.12,71,88,10.8,CA,2020-06-20 20:40:33
204,Constitucion,-35.33,-72.42,55.29,91,100,22.93,CL,2020-06-20 20:40:33
205,Haines Junction,60.75,-137.51,62.49,49,84,8.28,CA,2020-06-20 20:36:51
206,Boca Do Acre,-8.75,-67.4,81.84,89,76,1.68,BR,2020-06-20 20:40:34
207,Norman Wells,65.28,-126.83,62.6,100,75,6.93,CA,2020-06-20 20:36:06
208,Alihe,50.57,123.72,53.4,92,53,2.42,CN,2020-06-20 20:38:07
209,Morondava,-20.28,44.28,68.34,86,100,10.42,MG,2020-06-20 20:40:34
210,Hithadhoo,-0.6,73.08,82.83,73,100,7.05,MV,2020-06-20 20:40:35
211,Merauke,-8.47,140.33,76.75,84,13,14.27,ID,2020-06-20 20:40:35
212,Podlesnoye,51.82,47.01,66.47,64,0,1.61,RU,2020-06-20 20:40:35
213,Lima,-12.04,-77.03,64.4,77,90,8.05,PE,2020-06-20 20:39:07
214,Iskateley,67.68,53.15,40.95,91,100,22.5,RU,2020-06-20 20:40:35
215,Edson,53.58,-116.44,73.4,40,40,2.24,CA,2020-06-20 20:36:44
216,Tiksi,71.69,128.87,65.07,41,0,5.06,RU,2020-06-20 20:40:36
217,Tombouctou,20.0,-3.0,97.61,17,0,7.2,ML,2020-06-20 20:40:36
218,Nome,64.5,-165.41,69.8,37,1,26.4,US,2020-06-20 20:40:36
219,Turinsk,58.05,63.7,39.52,90,0,5.97,RU,2020-06-20 20:40:36
220,Naze,28.37,129.48,80.6,94,90,10.29,JP,2020-06-20 20:40:36
221,Tigre,-34.43,-58.58,59.0,77,100,12.75,AR,2020-06-20 20:40:37
222,Nemuro,43.32,145.57,50.11,87,1,8.21,JP,2020-06-20 20:40:08
223,Yar-Sale,66.83,70.83,45.43,71,77,13.31,RU,2020-06-20 20:40:32
224,Geraldton,-28.77,114.6,48.2,87,0,4.7,AU,2020-06-20 20:40:37
225,Faanui,-16.48,-151.75,79.75,80,29,11.18,PF,2020-06-20 20:40:37
226,Coihaique,-45.58,-72.07,41.0,86,75,4.7,CL,2020-06-20 20:40:38
227,Ardakan,32.31,54.02,87.4,12,0,2.01,IR,2020-06-20 20:40:38
228,Igrim,63.19,64.42,40.55,86,4,7.2,RU,2020-06-20 20:40:38
229,Richards Bay,-28.78,32.04,62.64,83,0,9.37,ZA,2020-06-20 20:40:38
230,Villablino,42.94,-6.32,68.0,34,73,10.29,ES,2020-06-20 20:40:39
231,Telhara,21.03,76.84,82.06,72,100,8.68,IN,2020-06-20 20:40:39
232,Ypsonas,34.69,32.96,75.2,64,0,12.75,CY,2020-06-20 20:40:39
233,Kandi,11.13,2.94,81.88,59,27,4.99,BJ,2020-06-20 20:40:39
234,Roald,62.58,6.13,64.99,82,100,3.36,NO,2020-06-20 20:40:39
235,Chicama,-7.84,-79.15,71.94,60,2,10.4,PE,2020-06-20 20:40:40
236,Hanzhong,33.07,107.03,64.02,88,91,0.36,CN,2020-06-20 20:40:40
237,Souillac,-20.52,57.52,71.6,73,40,16.11,MU,2020-06-20 20:35:52
238,Boston,42.36,-71.06,93.0,36,40,6.93,US,2020-06-20 20:37:04
239,Granadilla De Abona,28.12,-16.58,73.99,64,20,20.8,ES,2020-06-20 20:40:40
240,Nanortalik,60.14,-45.24,41.11,74,100,8.93,GL,2020-06-20 20:40:40
241,Ivanovka,42.89,75.08,59.0,38,0,8.95,KG,2020-06-20 20:40:41
242,Praia,14.92,-23.51,73.18,83,20,12.73,CV,2020-06-20 20:40:41
243,San Cristobal,7.77,-72.22,86.0,55,40,20.8,VE,2020-06-20 20:35:54
244,Penha,-26.77,-48.65,78.8,65,0,5.82,BR,2020-06-20 20:40:41
245,Esso,55.93,158.7,58.71,66,59,3.94,RU,2020-06-20 20:36:04
246,Maumere,-8.62,122.21,78.44,80,92,7.0,ID,2020-06-20 20:40:41
247,Hasaki,35.73,140.83,68.0,82,75,10.29,JP,2020-06-20 20:40:42
248,Hofn,64.25,-15.21,51.66,89,42,7.23,IS,2020-06-20 20:40:42
249,Lompoc,34.64,-120.46,68.0,72,12,11.41,US,2020-06-20 20:40:42
250,Matara,5.95,80.54,80.85,84,100,13.04,LK,2020-06-20 20:36:41
251,Novyy Urengoy,66.08,76.63,48.6,67,100,7.99,RU,2020-06-20 20:40:42
252,Coquimbo,-29.95,-71.34,55.4,93,90,9.17,CL,2020-06-20 20:38:32
253,Yemtsa,63.07,40.33,41.9,85,1,5.79,RU,2020-06-20 20:40:43
254,Sturgis,41.8,-85.42,91.4,38,40,14.99,US,2020-06-20 20:40:43
255,Abu Samrah,35.3,37.18,69.87,65,0,12.73,SY,2020-06-20 20:40:43
256,Sobolevo,54.43,31.9,64.96,91,100,6.89,RU,2020-06-20 20:40:43
257,Coconut Creek,26.25,-80.18,91.4,66,1,9.17,US,2020-06-20 20:40:44
258,Saint Anthony,45.02,-93.22,72.0,53,90,5.82,US,2020-06-20 20:40:44
259,Mantua,45.17,10.78,71.6,56,20,3.36,IT,2020-06-20 20:40:44
260,Del Rio,29.36,-100.9,93.2,49,40,16.11,US,2020-06-20 20:40:44
261,Swan River,52.11,-101.27,50.56,79,100,5.28,CA,2020-06-20 20:40:44
262,Leningradskiy,69.38,178.42,53.69,51,23,6.08,RU,2020-06-20 20:40:45
263,Mujiayingzi,42.12,118.78,67.37,69,30,7.74,CN,2020-06-20 20:40:45
264,Lagoa,39.05,-27.98,65.61,91,0,17.38,PT,2020-06-20 20:36:03
265,Porosozero,62.72,32.73,45.28,79,0,5.14,RU,2020-06-20 20:40:45
266,Buchanan,5.88,-10.05,78.8,94,20,3.36,LR,2020-06-20 20:40:45
267,Zhigansk,66.77,123.37,70.3,43,0,3.94,RU,2020-06-20 20:35:50
268,Monkey Bay,-14.07,34.92,70.14,65,40,14.25,MW,2020-06-20 20:40:46
269,Chitipa,-9.7,33.27,55.15,97,51,4.52,MW,2020-06-20 20:40:46
270,Asau,46.43,26.4,60.01,88,100,4.43,RO,2020-06-20 20:40:46
271,Sola,-13.88,167.55,79.86,81,77,20.89,VU,2020-06-20 20:40:46
272,Ekangala,-25.7,28.75,50.0,52,2,5.88,ZA,2020-06-20 20:40:46
273,Gazli,40.13,63.45,81.55,16,0,13.65,UZ,2020-06-20 20:40:47
274,Mojo,8.6,39.12,67.24,69,42,6.87,ET,2020-06-20 20:40:47
275,Lamu,-2.27,40.9,77.65,77,64,19.01,KE,2020-06-20 20:40:47
276,Cam Ranh,11.92,109.16,86.0,79,40,8.05,VN,2020-06-20 20:39:02
277,Lasa,46.62,10.7,55.4,71,40,4.7,IT,2020-06-20 20:40:47
278,Cap Malheureux,-19.98,57.61,72.0,79,95,10.0,MU,2020-06-20 20:40:48
279,Pacific Grove,36.62,-121.92,64.4,68,40,12.75,US,2020-06-20 20:38:11
280,Sukhothai,17.25,99.67,81.0,52,62,3.11,TH,2020-06-20 20:40:48
281,Slavutych,51.52,30.73,66.92,89,95,6.8,UA,2020-06-20 20:40:48
282,Esperance,-33.87,121.9,39.2,86,0,5.82,AU,2020-06-20 20:40:48
283,Adrar,20.5,-10.07,100.98,14,22,9.17,MR,2020-06-20 20:40:49
284,Kachiry,53.07,76.1,47.66,57,29,9.1,KZ,2020-06-20 20:40:49
285,Kahului,20.89,-156.47,84.2,54,20,18.34,US,2020-06-20 20:40:49
286,Toyooka,35.53,134.83,61.36,85,0,2.01,JP,2020-06-20 20:40:49
287,Price,39.6,-110.81,80.6,13,1,15.7,US,2020-06-20 20:39:10
288,Aksarayskiy,46.79,48.01,80.01,50,41,4.47,RU,2020-06-20 20:40:50
289,Vammala,61.33,22.9,69.8,56,53,4.7,FI,2020-06-20 20:40:50
290,Gat,31.61,34.76,73.99,93,1,8.99,IL,2020-06-20 20:40:50
291,Acari,-15.43,-74.62,70.45,53,27,8.12,PE,2020-06-20 20:40:50
292,Watertown,42.37,-71.18,93.0,36,40,9.17,US,2020-06-20 20:40:49
293,Tilichiki,60.47,166.1,57.06,71,0,1.54,RU,2020-06-20 20:40:51
294,Bemidji,47.47,-94.88,69.01,59,75,11.41,US,2020-06-20 20:40:51
295,Aksaray,38.37,34.03,66.2,55,40,8.05,TR,2020-06-20 20:40:51
296,Dalupaon,13.55,122.95,79.27,83,9,3.47,PH,2020-06-20 20:40:51
297,Ono,34.85,134.93,72.0,93,20,4.7,JP,2020-06-20 20:40:52
298,Reconquista,-29.15,-59.65,79.66,59,84,10.09,AR,2020-06-20 20:40:52
299,De Aar,-30.65,24.01,47.37,51,7,6.04,ZA,2020-06-20 20:40:52
300,Pelym,61.01,62.0,44.38,74,89,10.27,RU,2020-06-20 20:40:52
301,Fairbanks,64.84,-147.72,70.0,52,75,5.82,US,2020-06-20 20:39:13
302,Cidreira,-30.18,-50.21,67.82,92,51,1.25,BR,2020-06-20 20:40:52
303,Eureka,40.8,-124.16,66.99,11,90,5.01,US,2020-06-20 20:40:04
304,Falun,60.6,15.63,64.99,71,0,4.0,SE,2020-06-20 20:40:53
305,Iqaluit,63.75,-68.51,39.2,80,75,5.82,CA,2020-06-20 20:40:53
306,Sterling,39.01,-77.43,81.0,69,75,11.41,US,2020-06-20 20:40:53
307,Kulhudhuffushi,6.62,73.07,83.64,78,100,16.02,MV,2020-06-20 20:40:53
308,Kudahuvadhoo,2.67,72.89,83.68,77,100,10.87,MV,2020-06-20 20:40:54
309,Ouro Preto Do Oeste,-10.75,-62.22,81.88,71,45,2.33,BR,2020-06-20 20:40:54
310,Atar,20.52,-13.05,101.84,12,36,9.31,MR,2020-06-20 20:40:54
311,Husavik,66.04,-17.34,60.8,67,20,16.11,IS,2020-06-20 20:40:54
312,Temirtau,50.05,72.95,35.6,58,1,4.47,KZ,2020-06-20 20:40:55
313,Mount Isa,-20.73,139.5,60.8,38,0,13.87,AU,2020-06-20 20:39:12
314,Beloha,-25.17,45.05,64.02,78,10,5.86,MG,2020-06-20 20:36:46
315,Dubti,11.74,41.09,93.52,26,26,7.45,ET,2020-06-20 20:40:55
316,Kloulklubed,7.04,134.26,77.0,94,75,4.7,PW,2020-06-20 20:40:55
317,Revelstoke,50.98,-118.2,60.8,93,90,3.36,CA,2020-06-20 20:40:56
318,Chaozhou,23.67,116.64,82.4,83,96,2.24,CN,2020-06-20 20:40:56
319,Tabas,33.6,56.92,102.2,8,62,11.41,IR,2020-06-20 20:40:56
320,Zarichne,51.81,26.13,63.36,92,98,6.35,UA,2020-06-20 20:40:56
321,La Reforma,25.08,-108.05,99.0,43,0,8.01,MX,2020-06-20 20:40:56
322,Lata,40.16,-8.33,64.99,75,0,3.0,PT,2020-06-20 20:35:58
323,Monopoli,40.96,17.29,72.0,93,20,12.75,IT,2020-06-20 20:40:57
324,Necochea,-38.55,-58.74,50.0,84,100,3.0,AR,2020-06-20 20:40:57
325,Touros,-5.2,-35.46,78.8,78,20,8.05,BR,2020-06-20 20:38:15
326,Olafsvik,64.89,-23.71,51.4,86,75,3.18,IS,2020-06-20 20:40:57
327,Oshawa,43.9,-78.85,86.0,35,1,9.17,CA,2020-06-20 20:37:01
328,Leeton,-34.57,146.4,44.6,100,40,1.12,AU,2020-06-20 20:40:58
329,Tiarei,-17.53,-149.33,82.4,74,75,3.36,PF,2020-06-20 20:40:58
330,Chuy,-33.7,-53.46,55.47,90,26,6.93,UY,2020-06-20 20:40:58
331,Cockburn Town,21.46,-71.14,82.96,79,69,16.75,TC,2020-06-20 20:40:58
332,Todos Santos,23.45,-110.22,72.0,78,50,4.0,MX,2020-06-20 20:40:59
333,Chester,40.13,-75.87,73.0,100,1,3.36,US,2020-06-20 20:36:25
334,Bisira,8.52,-81.71,66.0,100,100,3.49,PA,2020-06-20 20:40:59
335,Srednekolymsk,67.45,153.68,82.4,33,2,9.62,RU,2020-06-20 20:40:59
336,Manaure,11.78,-72.44,96.8,44,75,13.87,CO,2020-06-20 20:40:59
337,Kandrian,-6.22,149.55,77.43,88,44,6.02,PG,2020-06-20 20:41:00
338,San Rafael,-34.62,-68.33,57.94,41,86,5.03,AR,2020-06-20 20:41:00
339,Umm Kaddadah,13.6,26.69,90.57,12,0,3.33,SD,2020-06-20 20:41:00
340,Grindavik,63.84,-22.43,53.6,81,75,21.92,IS,2020-06-20 20:41:00
341,Goalpara,26.17,90.62,79.99,84,17,1.81,IN,2020-06-20 20:41:00
342,Sembe,1.65,14.58,71.98,91,100,3.18,CG,2020-06-20 20:41:01
343,Itarema,-2.92,-39.92,78.39,83,5,12.1,BR,2020-06-20 20:41:01
344,Tomatlan,19.93,-105.25,89.47,48,2,9.75,MX,2020-06-20 20:41:01
345,Merei,45.13,26.68,75.2,64,75,3.36,RO,2020-06-20 20:41:01
346,Ponta Delgada,37.73,-25.67,68.0,77,20,11.41,PT,2020-06-20 20:41:01
347,Voyvozh,62.89,54.96,40.93,86,100,13.56,RU,2020-06-20 20:41:02
348,Ballina,-28.87,153.57,54.0,100,90,3.36,AU,2020-06-20 20:36:58
349,Ailigandi,9.23,-78.02,84.11,71,98,7.07,PA,2020-06-20 20:41:02
350,Coahuayana,18.73,-103.68,86.0,58,75,11.41,MX,2020-06-20 20:41:02
351,Hastings,50.86,0.57,60.01,82,24,1.01,GB,2020-06-20 20:41:02
352,Vaitape,-16.52,-151.75,80.55,79,33,11.36,PF,2020-06-20 20:39:05
353,Nalut,30.33,10.85,74.64,42,0,19.75,LY,2020-06-20 20:38:41
354,Cabo San Lucas,22.89,-109.91,89.01,43,5,5.82,MX,2020-06-20 20:36:52
355,Magoula,38.08,23.52,80.01,47,20,0.4,GR,2020-06-20 20:41:03
356,Concepcion Del Oro,24.63,-101.42,81.0,22,7,9.69,MX,2020-06-20 20:41:03
357,Saldanha,-33.01,17.94,57.2,93,46,9.17,ZA,2020-06-20 20:41:04
358,Aksarka,66.56,67.8,44.15,70,70,17.16,RU,2020-06-20 20:41:04
359,San Quintin,30.48,-115.95,68.09,63,0,14.47,MX,2020-06-20 20:36:32
360,Sidney,-33.87,151.21,57.99,87,90,2.24,AU,2020-06-20 20:37:21
361,Barcelos,41.54,-8.62,66.99,82,20,4.7,PT,2020-06-20 20:40:13
362,Mega,4.05,38.3,63.48,72,42,6.64,ET,2020-06-20 20:41:05
363,Lotoshino,56.23,35.64,60.78,88,64,8.84,RU,2020-06-20 20:41:05
364,Atasu,48.68,71.64,50.92,51,0,6.15,KZ,2020-06-20 20:41:05
365,Rosetta,31.4,30.42,73.58,76,0,5.99,EG,2020-06-20 20:41:05
366,Huancavelica,-12.77,-74.98,51.48,43,18,8.46,PE,2020-06-20 20:41:05
367,Bathsheba,13.22,-59.52,84.2,79,40,17.22,BB,2020-06-20 20:41:06
368,Howard Springs,-12.5,131.05,73.4,94,0,1.12,AU,2020-06-20 20:41:06
369,Ylivieska,64.08,24.55,61.0,65,10,3.85,FI,2020-06-20 20:41:06
370,Ostrovnoy,68.05,39.51,41.2,87,95,9.78,RU,2020-06-20 20:37:22
371,Thongwa,16.76,96.53,80.35,85,100,4.68,MM,2020-06-20 20:41:06
372,Yatou,37.15,122.38,65.79,91,36,8.55,CN,2020-06-20 20:41:07
373,Seminole,28.71,-81.21,93.2,41,40,6.93,US,2020-06-20 20:41:07
374,Lazurne,46.08,32.53,72.0,100,6,1.01,UA,2020-06-20 20:41:07
375,Atambua,-9.11,124.89,69.42,90,22,5.93,ID,2020-06-20 20:41:07
376,Saint-Paul,-21.01,55.27,71.6,64,93,18.34,RE,2020-06-20 20:41:07
377,Nizhniy Odes,63.64,54.86,41.29,93,100,15.03,RU,2020-06-20 20:41:08
378,Nadym,65.53,72.52,48.04,66,40,12.93,RU,2020-06-20 20:41:08
379,Petropavlovsk-Kamchatskiy,53.05,158.65,42.8,100,90,2.24,RU,2020-06-20 20:36:50
380,Wakkanai,45.41,141.67,50.25,79,66,5.41,JP,2020-06-20 20:41:08
381,Bagamoyo,-6.43,38.9,70.14,86,84,5.68,TZ,2020-06-20 20:41:08
382,Eyl,7.98,49.82,81.45,67,88,20.94,SO,2020-06-20 20:41:08
383,Katangli,51.71,143.23,41.49,96,100,7.63,RU,2020-06-20 20:41:09
384,Kyabram,-36.32,145.05,42.78,92,100,4.45,AU,2020-06-20 20:41:09
385,Cabedelo,-6.98,-34.83,78.8,83,75,9.17,BR,2020-06-20 20:41:09
386,Giraltovce,49.11,21.52,64.4,93,98,4.7,SK,2020-06-20 20:41:09
387,Whitefish,48.41,-114.34,64.4,68,90,10.29,US,2020-06-20 20:41:09
388,Nouadhibou,20.93,-17.03,73.4,69,16,11.41,MR,2020-06-20 20:41:10
389,Nova Vicosa,-17.89,-39.37,73.17,78,24,4.45,BR,2020-06-20 20:41:10
390,Sinnamary,5.38,-52.95,80.28,86,69,9.46,GF,2020-06-20 20:41:10
391,Verkhnevilyuysk,63.45,120.32,65.86,67,0,2.82,RU,2020-06-20 20:41:10
392,Denpasar,-8.65,115.22,80.6,100,40,11.41,ID,2020-06-20 20:41:02
393,Sioux Lookout,50.1,-91.92,71.6,37,75,8.05,CA,2020-06-20 20:38:10
394,Morant Bay,17.88,-76.41,89.6,62,20,27.51,JM,2020-06-20 20:41:11
395,Bandhi,26.59,68.3,91.62,51,0,20.42,PK,2020-06-20 20:41:11
396,Puerto Escondido,15.85,-97.07,87.8,66,75,6.93,MX,2020-06-20 20:41:11
397,Ise,34.48,136.7,64.0,95,0,4.65,JP,2020-06-20 20:41:12
398,Hobyo,5.35,48.53,80.13,66,2,27.25,SO,2020-06-20 20:40:29
399,Vanimo,-2.67,141.3,78.21,82,74,5.01,PG,2020-06-20 20:41:12
400,Manadhoo,5.77,73.38,83.62,78,100,14.38,MV,2020-06-20 20:41:12
401,Aswan,24.09,32.91,83.53,22,27,10.94,EG,2020-06-20 20:36:37
402,Saveh,35.02,50.36,77.95,17,0,10.42,IR,2020-06-20 20:41:12
403,Fayaoue,-20.65,166.53,70.72,74,39,21.21,NC,2020-06-20 20:41:13
404,Taltal,-25.4,-70.48,65.12,60,21,7.29,CL,2020-06-20 20:36:32
405,San Carlos De Bariloche,-41.15,-71.31,35.6,93,75,11.41,AR,2020-06-20 20:37:06
406,Port Hedland,-20.32,118.57,66.2,34,0,11.41,AU,2020-06-20 20:41:13
407,Port Hardy,50.7,-127.42,55.4,87,75,13.87,CA,2020-06-20 20:41:13
408,Brigantine,39.41,-74.36,82.4,58,1,10.29,US,2020-06-20 20:41:14
409,Samana,19.21,-69.34,89.6,75,20,6.93,DO,2020-06-20 20:41:14
410,Saint-Joseph,-21.37,55.62,68.0,72,54,3.36,RE,2020-06-20 20:41:14
411,Trelew,-43.25,-65.31,56.55,46,76,29.15,AR,2020-06-20 20:41:14
412,Traverse City,44.76,-85.62,78.8,57,75,10.29,US,2020-06-20 20:41:15
413,Belyy Yar,53.6,91.39,51.8,87,40,6.71,RU,2020-06-20 20:41:15
414,Kharan,28.58,65.42,84.2,39,0,4.05,PK,2020-06-20 20:41:15
415,Kismayo,-0.36,42.55,78.17,78,47,19.26,SO,2020-06-20 20:41:15
416,Casma,-41.01,-73.12,46.4,93,100,4.7,CL,2020-06-20 20:41:15
417,Natal,-5.79,-35.21,80.6,74,40,16.11,BR,2020-06-20 20:40:24
418,Sangar,63.92,127.47,67.05,61,31,1.14,RU,2020-06-20 20:41:16
419,Bilma,18.69,12.92,91.11,11,60,8.75,NE,2020-06-20 20:41:16
420,Parkes,-33.13,148.18,50.0,97,55,4.12,AU,2020-06-20 20:41:16
421,Qiongshan,20.01,110.35,80.6,88,1,6.71,CN,2020-06-20 20:41:16
422,Coos Bay,43.37,-124.22,62.6,93,90,4.7,US,2020-06-20 20:41:17
423,Guerrero Negro,27.98,-114.06,73.76,51,0,18.99,MX,2020-06-20 20:41:17
424,Karoi,-16.81,29.69,53.15,82,79,1.74,ZW,2020-06-20 20:41:17
425,Tiruchchendur,8.48,78.12,84.45,66,100,12.73,IN,2020-06-20 20:41:17
426,Maiduguri,11.85,13.16,89.87,40,0,8.55,NG,2020-06-20 20:41:17
427,Korla,41.76,86.15,72.82,22,3,14.85,CN,2020-06-20 20:41:18
428,Pingzhuang,42.04,119.29,71.01,58,88,6.38,CN,2020-06-20 20:41:18
429,Barguzin,53.62,109.62,51.85,56,4,1.21,RU,2020-06-20 20:41:18
430,Santander,43.46,-3.8,68.0,68,20,2.24,ES,2020-06-20 20:38:22
431,Nabire,-3.37,135.48,75.11,88,40,4.05,ID,2020-06-20 20:41:19
432,Horizontina,-27.63,-54.31,71.71,78,15,4.36,BR,2020-06-20 20:41:19
433,Qasigiannguit,68.82,-51.19,46.4,45,5,4.7,GL,2020-06-20 20:41:19
434,Maceio,-9.67,-35.74,78.8,74,40,10.29,BR,2020-06-20 20:39:19
435,Pathalgaon,22.57,83.47,77.31,85,97,8.23,IN,2020-06-20 20:41:19
436,Wilmslow,53.33,-2.23,66.0,72,94,4.7,GB,2020-06-20 20:41:20
437,Ust-Omchug,61.15,149.63,57.45,66,0,2.82,RU,2020-06-20 20:41:20
438,Woodward,36.43,-99.39,91.99,37,40,6.64,US,2020-06-20 20:41:20
439,Saint-Augustin,51.23,-58.65,52.41,64,74,11.1,CA,2020-06-20 20:41:20
440,Asuncion,-25.3,-57.64,89.6,46,40,13.87,PY,2020-06-20 20:37:40
441,Port Blair,11.67,92.75,82.44,83,89,10.8,IN,2020-06-20 20:41:21
442,Evans,33.53,-82.13,91.0,40,40,3.36,US,2020-06-20 20:38:17
443,Xichang,27.9,102.26,69.78,78,74,1.81,CN,2020-06-20 20:41:21
444,Berdigestyakh,62.1,126.7,63.91,62,100,1.97,RU,2020-06-20 20:41:21
445,Krasnyy Chikoy,50.36,108.75,52.27,81,100,2.28,RU,2020-06-20 20:41:21
446,Sibolga,1.74,98.78,77.4,75,91,3.27,ID,2020-06-20 20:41:21
447,Sinnar,13.57,33.57,93.27,32,10,10.71,SD,2020-06-20 20:41:22
448,San Luis,-33.3,-66.34,60.78,54,65,6.06,AR,2020-06-20 20:41:22
449,Anito,12.45,125.29,80.08,84,24,3.8,PH,2020-06-20 20:41:22
450,Marienburg,54.04,19.03,66.0,100,99,8.97,PL,2020-06-20 20:41:22
451,Panindicuaro,19.97,-101.77,78.8,57,20,11.41,MX,2020-06-20 20:41:23
452,Santa Cruz Cabralia,-16.28,-39.02,77.0,65,31,5.82,BR,2020-06-20 20:36:56
453,Gediz,39.04,29.41,62.29,60,2,3.33,TR,2020-06-20 20:41:23
454,Port Moresby,-9.44,147.18,75.2,100,40,5.82,PG,2020-06-20 20:37:24
455,Peniche,39.36,-9.38,66.99,83,1,8.99,PT,2020-06-20 20:41:24
456,Port Macquarie,-31.43,152.92,50.0,98,78,8.52,AU,2020-06-20 20:41:24
457,Minab,27.15,57.08,91.4,79,20,4.7,IR,2020-06-20 20:41:24
458,Bereda,43.27,-7.54,64.0,67,100,5.01,ES,2020-06-20 20:41:24
459,Vanavara,60.34,102.28,57.4,71,36,2.77,RU,2020-06-20 20:41:25
460,Duayaw Nkwanta,7.17,-2.1,71.65,98,85,3.13,GH,2020-06-20 20:41:25
461,Santa Cruz De La Palma,28.68,-17.76,73.4,64,20,13.87,ES,2020-06-20 20:41:25
462,Jalu,29.03,21.55,92.46,12,0,4.81,LY,2020-06-20 20:41:25
463,Arman,59.7,150.17,52.41,78,22,4.79,RU,2020-06-20 20:41:25
464,Fortuna,40.6,-124.16,68.0,72,20,14.99,US,2020-06-20 20:41:26
465,Shebunino,46.43,141.86,50.18,74,0,1.23,RU,2020-06-20 20:41:26
466,Mandera,3.94,41.87,82.45,54,36,18.92,KE,2020-06-20 20:41:26
467,Mocuba,-16.84,36.99,60.85,98,1,3.6,MZ,2020-06-20 20:36:56
468,Guayaramerin,-10.84,-65.36,87.35,57,59,0.78,BO,2020-06-20 20:41:26
469,Bonavista,48.65,-53.11,43.74,72,76,10.51,CA,2020-06-20 20:39:45
470,Taoudenni,22.68,-3.98,105.1,7,33,11.39,ML,2020-06-20 20:41:13
471,Soavinandriana,-19.17,46.73,53.71,100,100,1.32,MG,2020-06-20 20:41:27
472,Umm Lajj,25.02,37.27,80.02,55,0,6.04,SA,2020-06-20 20:41:27
473,Pitimbu,-7.47,-34.81,78.8,83,75,9.17,BR,2020-06-20 20:41:28
474,Bakuriani,41.75,43.53,52.25,95,100,3.53,GE,2020-06-20 20:41:28
475,Aykhal,66.0,111.5,60.8,63,75,4.47,RU,2020-06-20 20:41:28
476,Zhigalovo,54.81,105.16,52.34,89,0,0.27,RU,2020-06-20 20:41:28
477,Maniitsoq,65.42,-52.9,41.0,82,90,18.92,GL,2020-06-20 20:41:29
478,Kudowa-Zdroj,50.44,16.24,57.0,91,100,3.4,PL,2020-06-20 20:41:29
479,Kruisfontein,-34.0,24.73,57.7,87,99,3.65,ZA,2020-06-20 20:41:29
480,Orkney,-26.98,26.67,49.24,50,0,2.71,ZA,2020-06-20 20:41:29
481,Upata,8.01,-62.4,91.0,61,53,4.0,VE,2020-06-20 20:41:30
482,Kaeo,-35.1,173.78,54.0,3,15,1.99,NZ,2020-06-20 20:41:30
483,Douentza,15.0,-2.95,94.12,31,82,4.85,ML,2020-06-20 20:41:30
484,Elizabeth City,36.29,-76.25,73.4,88,20,6.93,US,2020-06-20 20:41:30
485,Golden,39.76,-105.22,84.99,13,40,6.93,US,2020-06-20 20:39:09
486,Cozumel,20.51,-86.95,88.0,58,20,13.87,MX,2020-06-20 20:40:02
487,Hanyang,32.14,105.51,66.42,94,99,1.23,CN,2020-06-20 20:41:31
488,Moissala,8.34,17.77,74.82,83,95,4.83,TD,2020-06-20 20:41:31
489,Hurghada,27.26,33.81,84.18,33,0,20.83,EG,2020-06-20 20:41:31
490,Port Augusta,-32.5,137.77,51.8,81,31,12.75,AU,2020-06-20 20:41:31
491,Turochak,52.26,87.12,47.91,95,100,5.12,RU,2020-06-20 20:41:32
492,Abnub,27.27,31.15,83.86,24,0,15.86,EG,2020-06-20 20:41:32
493,Nago,26.59,127.98,82.4,88,1,14.99,JP,2020-06-20 20:41:32
494,Sambava,-14.27,50.17,74.57,90,98,14.25,MG,2020-06-20 20:41:32
495,Limerick,52.66,-8.62,59.0,93,75,18.34,IE,2020-06-20 20:41:32
496,Odweyne,9.41,45.06,76.03,54,34,12.57,SO,2020-06-20 20:41:32
497,Champerico,14.3,-91.92,93.2,63,40,9.17,GT,2020-06-20 20:41:33
498,Tigil,57.8,158.67,56.5,74,39,5.35,RU,2020-06-20 20:41:33
499,Hun,29.13,15.95,79.81,42,0,18.05,LY,2020-06-20 20:41:33
500,Kampene,-3.6,26.67,70.25,69,2,1.95,CD,2020-06-20 20:41:33
501,Thinadhoo,0.53,72.93,84.07,71,100,8.68,MV,2020-06-20 20:41:34
502,Bowen,-20.02,148.23,66.99,93,90,5.82,AU,2020-06-20 20:40:45
503,Hovd,48.01,91.64,59.81,36,0,9.19,MN,2020-06-20 20:41:34
504,Tabou,4.42,-7.35,78.12,80,100,6.87,CI,2020-06-20 20:41:34
505,Linqiong,30.42,103.46,78.01,100,40,4.47,CN,2020-06-20 20:41:34
506,Deputatskiy,69.3,139.9,75.43,28,0,2.17,RU,2020-06-20 20:41:35
507,Murdochville,48.96,-65.5,54.84,91,100,3.94,CA,2020-06-20 20:41:35
508,Mairang,25.57,91.63,86.0,94,75,4.27,IN,2020-06-20 20:41:09
509,Bull Savanna,17.89,-77.59,84.27,68,1,17.16,JM,2020-06-20 20:41:35
510,Kenora,49.82,-94.43,64.4,72,90,5.82,CA,2020-06-20 20:41:35
511,Agropoli,40.35,15.0,72.0,53,0,1.99,IT,2020-06-20 20:41:36
512,Vostok,46.49,135.88,48.49,99,100,4.12,RU,2020-06-20 20:41:36
513,Lenger,42.18,69.88,75.2,23,0,11.18,KZ,2020-06-20 20:41:36
514,Casino,-28.87,153.05,54.0,100,0,3.36,AU,2020-06-20 20:41:36
515,Taiobeiras,-15.81,-42.23,63.95,64,3,6.04,BR,2020-06-20 20:41:36
516,Gagarin,55.55,35.0,62.02,93,67,11.63,RU,2020-06-20 20:41:36
517,Shambu,9.57,37.1,52.75,100,95,0.38,ET,2020-06-20 20:41:37
518,Ulladulla,-35.35,150.47,50.0,100,90,5.82,AU,2020-06-20 20:41:37
519,Oktyabrskiy,54.48,53.47,59.45,95,100,5.75,RU,2020-06-20 20:41:37
520,Charyshskoye,51.4,83.56,40.21,84,88,3.94,RU,2020-06-20 20:41:37
521,Russell,32.35,-85.2,91.4,46,90,1.36,US,2020-06-20 20:41:38
522,Venice,27.1,-82.45,89.01,70,1,9.17,US,2020-06-20 20:41:38
523,Poum,-20.23,164.02,69.85,78,14,10.36,NC,2020-06-20 20:41:38
524,Sao Joao Da Barra,-21.64,-41.05,78.8,65,0,11.41,BR,2020-06-20 20:38:56
525,Paracuru,-3.41,-39.03,82.99,66,7,10.0,BR,2020-06-20 20:41:38
526,Loa Janan,-0.58,117.09,72.48,97,65,2.46,ID,2020-06-20 20:41:39
527,Dharchula,29.85,80.53,68.49,69,60,1.97,IN,2020-06-20 20:41:39
528,Kasaragod,12.5,75.0,78.8,88,40,3.15,IN,2020-06-20 20:41:39
529,Namibe,-15.2,12.15,70.99,55,0,5.01,AO,2020-06-20 20:41:39
530,Ziro,27.63,93.83,57.61,100,41,1.32,IN,2020-06-20 20:41:39
531,Kuah,6.33,99.84,80.6,83,20,2.24,MY,2020-06-20 20:41:39
532,Emborion,40.48,21.55,64.4,55,0,4.7,GR,2020-06-20 20:41:40
533,Karratha,-20.74,116.85,67.46,39,0,14.5,AU,2020-06-20 20:41:40
534,Nikki,9.94,3.21,78.08,71,1,3.0,BJ,2020-06-20 20:41:40
535,Hamilton,39.18,-84.53,91.0,43,1,6.93,US,2020-06-20 20:41:41
536,Tangjiazhuang,39.73,118.45,71.11,68,68,0.69,CN,2020-06-20 20:41:41
537,Alta Floresta,-9.88,-56.09,91.4,38,20,3.36,BR,2020-06-20 20:41:41
538,Nara,34.69,135.8,64.99,93,20,4.7,JP,2020-06-20 20:41:41
539,Skibbereen,51.55,-9.27,57.2,100,90,19.46,IE,2020-06-20 20:40:11
540,Havre-Saint-Pierre,50.23,-63.6,60.8,63,1,9.17,CA,2020-06-20 20:41:42
541,Veisiejai,54.1,23.7,66.92,89,89,5.17,LT,2020-06-20 20:41:42
542,Faya,18.39,42.45,77.0,53,100,3.47,SA,2020-06-20 20:41:42
543,Ketchikan,55.34,-131.65,55.4,82,90,11.41,US,2020-06-20 20:38:21
544,Alofi,-19.06,-169.92,76.73,80,100,24.4,NU,2020-06-20 20:41:43
545,Mandalgovi,45.76,106.27,62.62,70,66,12.66,MN,2020-06-20 20:41:43
